{
  "features": [
    "activity",
    "entropy",
    "stdU",
    "stdV",
    "feed",
    "kill",
    "threshold",
    "dt",
    "contrast",
    "gamma",
    "invert"
  ],
  "weights": [
    -3.179331065253325,
    -0.13428427665263298,
    1.361639233792398,
    0.7168468924828416,
    -1.3006225646585765,
    0.34210239233521766,
    0.0325657030917128,
    0.09112358886617675,
    -0.06279691608395571,
    -0.14329055950169783,
    -0.34374895508616365
  ],
  "bias": -3.2839143427860296,
  "means": [
    0.004579016687176438,
    0.2568365476876482,
    0.11615705096660191,
    0.06381329789316746,
    0.05072924037610655,
    0.055321350517409655,
    0.24120155564731233,
    1.0055426097905666,
    1.8213012618722693,
    1.0830807555512443,
    0.5073529411764706
  ],
  "stds": [
    0.0042988824970605485,
    0.27990422704086004,
    0.07927293803664318,
    0.05289637016720909,
    0.018584874193351055,
    0.014673811642245169,
    0.08124821114813571,
    0.29850197123091443,
    0.649966058616067,
    0.2619319156047639,
    0.5008674914351674
  ],
  "trainedAt": "seed-feedback-2025-09-28T01_32_17.455Z.json"
}
