{
  "features": [
    "activity",
    "entropy",
    "stdU",
    "stdV",
    "feed",
    "kill",
    "threshold",
    "dt",
    "contrast",
    "gamma",
    "invert"
  ],
  "weights": [
    -3.9236310056499515,
    -1.707675789685903,
    1.760040750422555,
    2.085006207300007,
    -3.034246574049285,
    0.4184561982694749,
    -0.2568930549320713,
    0.657611739436328,
    0.40501756119845694,
    -0.18607720945178097,
    -0.2371911098159612
  ],
  "bias": -2.0089743229346255,
  "means": [
    0.004824965525118177,
    0.21998403682159376,
    0.1159681701445164,
    0.06074786023270946,
    0.041751634003632444,
    0.055625519735444114,
    0.24089444261886037,
    1.1211933150232303,
    2.001538755098674,
    0.9873618802615666,
    0.4775304493910122
  ],
  "stds": [
    0.00551572243345503,
    0.23159546478736695,
    0.07506470684609687,
    0.04892540188316141,
    0.02195578676992608,
    0.015002155403337093,
    0.08956188469397426,
    0.3779230407133507,
    0.8843098406499849,
    0.31966548662611605,
    0.49959978900864943
  ],
  "trainedAt": "seed-feedback-2025-09-28T04_12_44.882Z.json"
}
